<application>
  <component name="dataSourceStorage" format="xml" multifile-model="true">
    <data-source source="LOCAL" name="docker-sql" uuid="a7a32585-c2b4-4334-a962-3eeea8bf32c8">
      <driver-ref>sqlserver.ms</driver-ref>
      <synchronize>true</synchronize>
      <jdbc-driver>com.microsoft.sqlserver.jdbc.SQLServerDriver</jdbc-driver>
      <jdbc-url>jdbc:sqlserver://localhost:1433</jdbc-url>
      <working-dir>$ProjectFileDir$</working-dir>
    </data-source>
  </component>
</application>