<application>
  <component name="CodeInsightSettings">
    <option name="INSERT_BRACE_ON_ENTER" value="false" />
  </component>
  <component name="DefaultFont">
    <option name="USE_LIGATURES" value="true" />
  </component>
  <component name="EditorSettings">
    <option name="STRIP_TRAILING_SPACES" value="None" />
    <option name="IS_WHITESPACES_SHOWN" value="true" />
    <option name="IS_INNER_WHITESPACES_SHOWN" value="false" />
    <option name="IS_WHEEL_FONTCHANGE_ENABLED" value="true" />
  </component>
</application>