<application>
  <component name="FileTypeManager" version="17">
    <extensionMap>
      <removed_mapping ext="php5" approved="true" type="PLAIN_TEXT" />
      <removed_mapping ext="swift" approved="true" type="PLAIN_TEXT" />
      <removed_mapping ext="bat" approved="true" type="PLAIN_TEXT" />
      <removed_mapping ext="cmd" approved="true" type="PLAIN_TEXT" />
      <removed_mapping ext="groovy" approved="true" type="PLAIN_TEXT" />
      <removed_mapping ext="php4" approved="true" type="PLAIN_TEXT" />
      <removed_mapping ext="phtml" approved="true" type="PLAIN_TEXT" />
      <removed_mapping ext="php" approved="true" type="PLAIN_TEXT" />
      <removed_mapping ext="phtml" approved="true" type="PLAIN_TEXT" />
      <removed_mapping ext="groovy" approved="true" type="PLAIN_TEXT" />
      <removed_mapping ext="bat" approved="true" type="PLAIN_TEXT" />
      <removed_mapping ext="log" approved="true" type="PLAIN_TEXT" />
      <removed_mapping ext="dockerfile" approved="true" type="textmate" />
      <removed_mapping ext="php4" approved="true" type="PLAIN_TEXT" />
      <removed_mapping ext="makefile" approved="true" type="textmate" />
      <removed_mapping ext="php5" approved="true" type="PLAIN_TEXT" />
      <removed_mapping ext="php" approved="true" type="PLAIN_TEXT" />
      <removed_mapping ext="cmd" approved="true" type="PLAIN_TEXT" />
      <removed_mapping ext="snakefile" approved="true" type="textmate" />
      <removed_mapping ext="swift" approved="true" type="PLAIN_TEXT" />
    </extensionMap>
  </component>
</application>