<application>
  <component name="FileTypeManager" version="18">
    <extensionMap>
      <mapping pattern="file" type="PLAIN_TEXT" />
      <mapping ext="liquid" type="PLAIN_TEXT" />
      <removed_mapping ext="bat" approved="true" type="PLAIN_TEXT" />
      <removed_mapping ext="cmd" approved="true" type="PLAIN_TEXT" />
      <removed_mapping ext="dockerfile" approved="true" type="textmate" />
      <removed_mapping ext="groovy" approved="true" type="PLAIN_TEXT" />
      <removed_mapping ext="ignore" approved="true" type="IgnoreLang file" />
      <removed_mapping ext="liquid" approved="true" type="Shproj" />
      <removed_mapping ext="log" approved="true" type="PLAIN_TEXT" />
      <removed_mapping ext="makefile" approved="true" type="textmate" />
      <removed_mapping ext="php" approved="true" type="PLAIN_TEXT" />
      <removed_mapping ext="php4" approved="true" type="PLAIN_TEXT" />
      <removed_mapping ext="php5" approved="true" type="PLAIN_TEXT" />
      <removed_mapping ext="phtml" approved="true" type="PLAIN_TEXT" />
      <removed_mapping ext="snakefile" approved="true" type="textmate" />
      <removed_mapping ext="swift" approved="true" type="PLAIN_TEXT" />
      <removed_mapping ext="template" approved="true" type="PLAIN_TEXT" />
    </extensionMap>
  </component>
</application>