<application>
  <component name="VSTSSettings">
    <option name="serverContexts">
      <array>
        <ServerContextState>
          <option name="type" value="VSO" />
          <option name="uri" value="https://nmillard.visualstudio.com/anonq/_git/anonq" />
          <option name="serverUri" value="https://nmillard.visualstudio.com" />
          <option name="userId" value="f8caf096-84f6-6ad6-9c7f-f5f947ae3b56" />
          <option name="teamProjectCollectionReference" value="{&quot;id&quot;:&quot;9b521051-6c83-4580-8337-9bc1fb5e3c8f&quot;,&quot;name&quot;:&quot;nmillard&quot;,&quot;url&quot;:&quot;https://nmillard.visualstudio.com/_apis/projectCollections/9b521051-6c83-4580-8337-9bc1fb5e3c8f&quot;}" />
          <option name="teamProjectReference" value="{&quot;abbreviation&quot;:null,&quot;description&quot;:null,&quot;id&quot;:&quot;e2ed9d8d-76cf-4441-88a8-5bba65c0ef61&quot;,&quot;name&quot;:&quot;anonq&quot;,&quot;revision&quot;:27,&quot;state&quot;:&quot;WELL_FORMED&quot;,&quot;url&quot;:&quot;https://nmillard.visualstudio.com/_apis/projects/e2ed9d8d-76cf-4441-88a8-5bba65c0ef61&quot;}" />
          <option name="gitRepository" value="{&quot;defaultBranch&quot;:&quot;refs/heads/master&quot;,&quot;id&quot;:&quot;df96c3a7-03b6-4f1c-a7f7-655d77c7f3f4&quot;,&quot;name&quot;:&quot;anonq&quot;,&quot;remoteUrl&quot;:&quot;https://nmillard.visualstudio.com/anonq/_git/anonq&quot;,&quot;url&quot;:&quot;https://nmillard.visualstudio.com/e2ed9d8d-76cf-4441-88a8-5bba65c0ef61/_apis/git/repositories/df96c3a7-03b6-4f1c-a7f7-655d77c7f3f4&quot;,&quot;project&quot;:{&quot;abbreviation&quot;:null,&quot;description&quot;:null,&quot;id&quot;:&quot;e2ed9d8d-76cf-4441-88a8-5bba65c0ef61&quot;,&quot;name&quot;:&quot;anonq&quot;,&quot;revision&quot;:27,&quot;state&quot;:&quot;WELL_FORMED&quot;,&quot;url&quot;:&quot;https://nmillard.visualstudio.com/_apis/projects/e2ed9d8d-76cf-4441-88a8-5bba65c0ef61&quot;},&quot;_links&quot;:null}" />
        </ServerContextState>
        <ServerContextState>
          <option name="type" value="VSO" />
          <option name="uri" value="https://nmillarddeloitte.visualstudio.com/Project3F-webinterface/_git/Project3F-webinterface" />
          <option name="serverUri" value="https://nmillarddeloitte.visualstudio.com" />
          <option name="userId" value="9b63ac22-eb37-6bb6-b2c4-097ba78f11d4" />
          <option name="teamProjectCollectionReference" value="{&quot;id&quot;:&quot;3c42f604-b353-4f73-ba86-0c985a378eae&quot;,&quot;name&quot;:&quot;nmillarddeloitte&quot;,&quot;url&quot;:&quot;https://nmillarddeloitte.visualstudio.com/_apis/projectCollections/3c42f604-b353-4f73-ba86-0c985a378eae&quot;}" />
          <option name="teamProjectReference" value="{&quot;abbreviation&quot;:null,&quot;description&quot;:null,&quot;id&quot;:&quot;018751fd-a2bc-4c7b-8fbd-c605b1ce1066&quot;,&quot;name&quot;:&quot;Project3F-webinterface&quot;,&quot;revision&quot;:114,&quot;state&quot;:&quot;NEW&quot;,&quot;url&quot;:&quot;https://nmillarddeloitte.visualstudio.com/_apis/projects/018751fd-a2bc-4c7b-8fbd-c605b1ce1066&quot;}" />
          <option name="gitRepository" value="{&quot;defaultBranch&quot;:null,&quot;id&quot;:&quot;c51df332-8bf1-44e5-a95a-2b1058b7e639&quot;,&quot;name&quot;:&quot;Project3F-webinterface&quot;,&quot;remoteUrl&quot;:&quot;https://nmillarddeloitte.visualstudio.com/Project3F-webinterface/_git/Project3F-webinterface&quot;,&quot;url&quot;:&quot;https://nmillarddeloitte.visualstudio.com/_apis/git/repositories/c51df332-8bf1-44e5-a95a-2b1058b7e639&quot;,&quot;project&quot;:{&quot;abbreviation&quot;:null,&quot;description&quot;:null,&quot;id&quot;:&quot;018751fd-a2bc-4c7b-8fbd-c605b1ce1066&quot;,&quot;name&quot;:&quot;Project3F-webinterface&quot;,&quot;revision&quot;:114,&quot;state&quot;:&quot;NEW&quot;,&quot;url&quot;:&quot;https://nmillarddeloitte.visualstudio.com/_apis/projects/018751fd-a2bc-4c7b-8fbd-c605b1ce1066&quot;},&quot;_links&quot;:null}" />
        </ServerContextState>
        <ServerContextState>
          <option name="type" value="VSO" />
          <option name="uri" value="https://dk-consulting-deloitte.visualstudio.com" />
          <option name="serverUri" value="https://dk-consulting-deloitte.visualstudio.com" />
          <option name="userId" value="9b63ac22-eb37-6bb6-b2c4-097ba78f11d4" />
          <option name="teamProjectCollectionReference" value="{&quot;id&quot;:null,&quot;name&quot;:null,&quot;url&quot;:null}" />
          <option name="teamProjectReference" value="{&quot;abbreviation&quot;:null,&quot;description&quot;:null,&quot;id&quot;:null,&quot;name&quot;:null,&quot;revision&quot;:0,&quot;state&quot;:null,&quot;url&quot;:null}" />
        </ServerContextState>
        <ServerContextState>
          <option name="type" value="VSO" />
          <option name="uri" value="https://dev.azure.com/AnalyticServices" />
          <option name="serverUri" value="https://dev.azure.com/AnalyticServices" />
          <option name="userId" value="9b63ac22-eb37-6bb6-b2c4-097ba78f11d4" />
          <option name="teamProjectCollectionReference" value="{&quot;id&quot;:null,&quot;name&quot;:null,&quot;url&quot;:null}" />
          <option name="teamProjectReference" value="{&quot;abbreviation&quot;:null,&quot;description&quot;:null,&quot;id&quot;:null,&quot;name&quot;:null,&quot;revision&quot;:0,&quot;state&quot;:null,&quot;url&quot;:null}" />
        </ServerContextState>
        <ServerContextState>
          <option name="type" value="VSO" />
          <option name="uri" value="https://dk-consulting-deloitte.visualstudio.com/DK%20DC%20Digital%20Project%20Sites/_git/FamiliePleje" />
          <option name="serverUri" value="https://dk-consulting-deloitte.visualstudio.com" />
          <option name="userId" value="9b63ac22-eb37-6bb6-b2c4-097ba78f11d4" />
          <option name="teamProjectCollectionReference" value="{&quot;id&quot;:&quot;7bc619de-bf80-4bf2-8612-8f9064bc0049&quot;,&quot;name&quot;:&quot;dk-consulting-deloitte&quot;,&quot;url&quot;:&quot;https://dk-consulting-deloitte.visualstudio.com/_apis/projectCollections/7bc619de-bf80-4bf2-8612-8f9064bc0049&quot;}" />
          <option name="teamProjectReference" value="{&quot;abbreviation&quot;:null,&quot;description&quot;:&quot;A collection of all the projectsites developed in digital. Also a create db script.&quot;,&quot;id&quot;:&quot;a89f931f-91e9-4a23-8121-9983e976949e&quot;,&quot;name&quot;:&quot;DK DC Digital Project Sites&quot;,&quot;revision&quot;:672,&quot;state&quot;:&quot;NEW&quot;,&quot;url&quot;:&quot;https://dk-consulting-deloitte.visualstudio.com/_apis/projects/a89f931f-91e9-4a23-8121-9983e976949e&quot;}" />
          <option name="gitRepository" value="{&quot;defaultBranch&quot;:null,&quot;id&quot;:&quot;76173278-ff45-434c-8b87-dcea580ee9a9&quot;,&quot;name&quot;:&quot;FamiliePleje&quot;,&quot;remoteUrl&quot;:&quot;https://dk-consulting-deloitte.visualstudio.com/DK%20DC%20Digital%20Project%20Sites/_git/FamiliePleje&quot;,&quot;url&quot;:&quot;https://dk-consulting-deloitte.visualstudio.com/_apis/git/repositories/76173278-ff45-434c-8b87-dcea580ee9a9&quot;,&quot;project&quot;:{&quot;abbreviation&quot;:null,&quot;description&quot;:&quot;A collection of all the projectsites developed in digital. Also a create db script.&quot;,&quot;id&quot;:&quot;a89f931f-91e9-4a23-8121-9983e976949e&quot;,&quot;name&quot;:&quot;DK DC Digital Project Sites&quot;,&quot;revision&quot;:672,&quot;state&quot;:&quot;NEW&quot;,&quot;url&quot;:&quot;https://dk-consulting-deloitte.visualstudio.com/_apis/projects/a89f931f-91e9-4a23-8121-9983e976949e&quot;},&quot;_links&quot;:null}" />
        </ServerContextState>
        <ServerContextState>
          <option name="type" value="VSO" />
          <option name="uri" value="https://nmillarddeloitte.visualstudio.com" />
          <option name="serverUri" value="https://nmillarddeloitte.visualstudio.com" />
          <option name="userId" value="9b63ac22-eb37-6bb6-b2c4-097ba78f11d4" />
          <option name="teamProjectCollectionReference" value="{&quot;id&quot;:null,&quot;name&quot;:null,&quot;url&quot;:null}" />
          <option name="teamProjectReference" value="{&quot;abbreviation&quot;:null,&quot;description&quot;:null,&quot;id&quot;:null,&quot;name&quot;:null,&quot;revision&quot;:0,&quot;state&quot;:null,&quot;url&quot;:null}" />
        </ServerContextState>
        <ServerContextState>
          <option name="type" value="VSO" />
          <option name="uri" value="https://dev.azure.com/nmillard" />
          <option name="serverUri" value="https://dev.azure.com/nmillard" />
          <option name="userId" value="f8caf096-84f6-6ad6-9c7f-f5f947ae3b56" />
          <option name="teamProjectCollectionReference" value="{&quot;id&quot;:null,&quot;name&quot;:null,&quot;url&quot;:null}" />
          <option name="teamProjectReference" value="{&quot;abbreviation&quot;:null,&quot;description&quot;:null,&quot;id&quot;:null,&quot;name&quot;:null,&quot;revision&quot;:0,&quot;state&quot;:null,&quot;url&quot;:null}" />
        </ServerContextState>
        <ServerContextState>
          <option name="type" value="VSO" />
          <option name="uri" value="https://dk-consulting-deloitte.visualstudio.com/DK%20DC%20AC%20TransformationLab/_git/DK%20DC%20AC%20TransformationLab" />
          <option name="serverUri" value="https://dk-consulting-deloitte.visualstudio.com" />
          <option name="userId" value="9b63ac22-eb37-6bb6-b2c4-097ba78f11d4" />
          <option name="teamProjectCollectionReference" value="{&quot;id&quot;:&quot;7bc619de-bf80-4bf2-8612-8f9064bc0049&quot;,&quot;name&quot;:&quot;dk-consulting-deloitte&quot;,&quot;url&quot;:&quot;https://dk-consulting-deloitte.visualstudio.com/_apis/projectCollections/7bc619de-bf80-4bf2-8612-8f9064bc0049&quot;}" />
          <option name="teamProjectReference" value="{&quot;abbreviation&quot;:null,&quot;description&quot;:null,&quot;id&quot;:&quot;ce9b3dbb-2adb-4a63-b1fa-1db9c3bcfe59&quot;,&quot;name&quot;:&quot;DK DC AC TransformationLab&quot;,&quot;revision&quot;:798,&quot;state&quot;:&quot;NEW&quot;,&quot;url&quot;:&quot;https://dk-consulting-deloitte.visualstudio.com/_apis/projects/ce9b3dbb-2adb-4a63-b1fa-1db9c3bcfe59&quot;}" />
          <option name="gitRepository" value="{&quot;defaultBranch&quot;:null,&quot;id&quot;:&quot;86b9cece-6f44-4043-8a95-5bfe8cb6351b&quot;,&quot;name&quot;:&quot;DK DC AC TransformationLab&quot;,&quot;remoteUrl&quot;:&quot;https://dk-consulting-deloitte.visualstudio.com/DK%20DC%20AC%20TransformationLab/_git/DK%20DC%20AC%20TransformationLab&quot;,&quot;url&quot;:&quot;https://dk-consulting-deloitte.visualstudio.com/_apis/git/repositories/86b9cece-6f44-4043-8a95-5bfe8cb6351b&quot;,&quot;project&quot;:{&quot;abbreviation&quot;:null,&quot;description&quot;:null,&quot;id&quot;:&quot;ce9b3dbb-2adb-4a63-b1fa-1db9c3bcfe59&quot;,&quot;name&quot;:&quot;DK DC AC TransformationLab&quot;,&quot;revision&quot;:798,&quot;state&quot;:&quot;NEW&quot;,&quot;url&quot;:&quot;https://dk-consulting-deloitte.visualstudio.com/_apis/projects/ce9b3dbb-2adb-4a63-b1fa-1db9c3bcfe59&quot;},&quot;_links&quot;:null}" />
        </ServerContextState>
      </array>
    </option>
    <option name="properties">
      <array>
        <PropertyState>
          <option name="name" value="repoRoot" />
          <option name="value" value="F:\Developer Space\Projects" />
        </PropertyState>
        <PropertyState>
          <option name="name" value="lastContextKey" />
          <option name="value" value="//dev.azure.com/nmillard" />
        </PropertyState>
      </array>
    </option>
  </component>
</application>