<keymap version="1" name="ReSharper copy" parent="ReSharper">
  <action id="ActivateTerminalToolWindow">
    <keyboard-shortcut first-keystroke="ctrl alt 1" />
    <keyboard-shortcut first-keystroke="ctrl dead_diaeresis" />
  </action>
  <action id="Arrangement.Rule.Edit" />
  <action id="CommentByLineComment">
    <keyboard-shortcut first-keystroke="ctrl comma" second-keystroke="ctrl c" />
  </action>
  <action id="ExpandRegion">
    <keyboard-shortcut first-keystroke="ctrl plus" />
  </action>
  <action id="Generate">
    <keyboard-shortcut first-keystroke="alt insert" />
    <keyboard-shortcut first-keystroke="ctrl alt n" />
  </action>
  <action id="MoveLineDown">
    <keyboard-shortcut first-keystroke="ctrl alt down" />
  </action>
  <action id="MoveLineUp">
    <keyboard-shortcut first-keystroke="ctrl alt up" />
  </action>
  <action id="NewElement">
    <keyboard-shortcut first-keystroke="alt insert" />
    <keyboard-shortcut first-keystroke="ctrl alt g" />
  </action>
  <action id="Refactorings.QuickListPopupAction">
    <keyboard-shortcut first-keystroke="shift alt r" />
  </action>
  <action id="RiderRenameFile">
    <keyboard-shortcut first-keystroke="f2" />
  </action>
  <action id="TogglePresentationMode">
    <keyboard-shortcut first-keystroke="alt p" />
  </action>
  <action id="XDebugger.SetValue" />
</keymap>