<keymap version="1" name="ReSharper copy" parent="ReSharper">
  <action id="ActivateDatabaseToolWindow">
    <keyboard-shortcut first-keystroke="alt 3" />
  </action>
  <action id="ActivateFavoritesToolWindow" />
  <action id="ActivateFindToolWindow">
    <keyboard-shortcut first-keystroke="ctrl alt u" />
  </action>
  <action id="ActivateStructureToolWindow">
    <keyboard-shortcut first-keystroke="alt 2" />
  </action>
  <action id="ActivateTerminalToolWindow">
    <keyboard-shortcut first-keystroke="ctrl alt 1" />
    <keyboard-shortcut first-keystroke="ctrl dead_diaeresis" />
  </action>
  <action id="Arrangement.Rule.Edit" />
  <action id="Back">
    <keyboard-shortcut first-keystroke="ctrl subtract" />
    <mouse-shortcut keystroke="button4" />
  </action>
  <action id="CollapseRegion">
    <keyboard-shortcut first-keystroke="ctrl minus" />
  </action>
  <action id="CommentByLineComment">
    <keyboard-shortcut first-keystroke="ctrl comma" second-keystroke="ctrl c" />
  </action>
  <action id="Console.TableResult.NextPage" />
  <action id="Console.TableResult.PreviousPage" />
  <action id="EditorMatchBrace">
    <keyboard-shortcut first-keystroke="ctrl quote" />
  </action>
  <action id="ExpandRegion">
    <keyboard-shortcut first-keystroke="ctrl plus" />
  </action>
  <action id="Generate">
    <keyboard-shortcut first-keystroke="alt insert" />
    <keyboard-shortcut first-keystroke="ctrl alt n" />
  </action>
  <action id="Images.Editor.ToggleGrid" />
  <action id="MoveLineDown">
    <keyboard-shortcut first-keystroke="ctrl alt down" />
  </action>
  <action id="MoveLineUp">
    <keyboard-shortcut first-keystroke="ctrl alt up" />
  </action>
  <action id="NewElement">
    <keyboard-shortcut first-keystroke="alt insert" />
    <keyboard-shortcut first-keystroke="ctrl alt n" />
  </action>
  <action id="NextOccurence" />
  <action id="PreviousOccurence" />
  <action id="Refactorings.QuickListPopupAction">
    <keyboard-shortcut first-keystroke="shift alt r" />
  </action>
  <action id="RevealIn">
    <keyboard-shortcut first-keystroke="ctrl comma" second-keystroke="enter" />
  </action>
  <action id="RiderRenameFile">
    <keyboard-shortcut first-keystroke="f2" />
  </action>
  <action id="TogglePresentationMode">
    <keyboard-shortcut first-keystroke="alt p" />
  </action>
  <action id="XDebugger.SetValue" />
</keymap>