<application>
  <component name="FileTypeManager" version="18">
    <extensionMap>
      <mapping pattern="Jenkinsfile2" type="AUTO_DETECTED" />
      <mapping pattern="konverter-bfe-til-esr-response" type="AUTO_DETECTED" />
      <mapping pattern="Jenkinsfile" type="Groovy" />
      <hashBang value="Jenkinsfile" type="Groovy" />
      <mapping ext="ppk" type="PLAIN_TEXT" />
      <removed_mapping ext="apk" approved="true" type="ARCHIVE" />
      <removed_mapping ext="dockerignore" approved="true" type="DockerIgnore file" />
      <removed_mapping ext="ignore" approved="true" type="IgnoreLang file" />
      <removed_mapping ext="psd" approved="true" type="Image" />
      <removed_mapping pattern="Jenkinsfile" approved="true" type="AUTO_DETECTED" />
      <removed_mapping pattern="application.yaml" approved="true" type="spring-boot-properties-yaml" />
      <removed_mapping pattern="application.yml" approved="true" type="spring-boot-properties-yaml" />
    </extensionMap>
  </component>
</application>