<application>
  <component name="GraziConfig">
    <option name="enabledLanguages">
      <set>
        <option value="English (US)" />
        <option value="Danish" />
      </set>
    </option>
    <option name="userDisabledRules">
      <set>
        <option value="Bundled.Yaml.Insensitive_Writing_(alex).Ablist" />
        <option value="Bundled.Yaml.Insensitive_Writing_(alex).ProfanityLikely" />
        <option value="Bundled.Yaml.Insensitive_Writing_(alex).Suicide" />
        <option value="Bundled.Yaml.Insensitive_Writing_(alex).LGBTQ" />
        <option value="Bundled.Yaml.Insensitive_Writing_(alex).Gendered" />
        <option value="Bundled.Yaml.Insensitive_Writing_(alex).Press" />
        <option value="Bundled.Yaml.Insensitive_Writing_(alex).Race" />
      </set>
    </option>
  </component>
</application>