<application>
  <component name="ProjectJdkTable">
    <jdk version="2">
      <name value="17" />
      <type value="JavaSDK" />
      <version value="Oracle OpenJDK version 17.0.1" />
      <homePath value="$USER_HOME$/.jdks/openjdk-17.0.1" />
      <roots>
        <annotationsPath>
          <root type="composite">
            <root url="jar://$APPLICATION_HOME_DIR$/plugins/java/lib/jdkAnnotations.jar!/" type="simple" />
            <root url="jar://$APPLICATION_HOME_DIR$/plugins/java/lib/resources/jdkAnnotations.jar!/" type="simple" />
          </root>
        </annotationsPath>
        <classPath>
          <root type="composite">
            <root url="jrt://C:/Users/nimillard/.jdks/openjdk-17.0.1!/java.base" type="simple" />
            <root url="jrt://C:/Users/nimillard/.jdks/openjdk-17.0.1!/java.compiler" type="simple" />
            <root url="jrt://C:/Users/nimillard/.jdks/openjdk-17.0.1!/java.datatransfer" type="simple" />
            <root url="jrt://C:/Users/nimillard/.jdks/openjdk-17.0.1!/java.desktop" type="simple" />
            <root url="jrt://C:/Users/nimillard/.jdks/openjdk-17.0.1!/java.instrument" type="simple" />
            <root url="jrt://C:/Users/nimillard/.jdks/openjdk-17.0.1!/java.logging" type="simple" />
            <root url="jrt://C:/Users/nimillard/.jdks/openjdk-17.0.1!/java.management" type="simple" />
            <root url="jrt://C:/Users/nimillard/.jdks/openjdk-17.0.1!/java.management.rmi" type="simple" />
            <root url="jrt://C:/Users/nimillard/.jdks/openjdk-17.0.1!/java.naming" type="simple" />
            <root url="jrt://C:/Users/nimillard/.jdks/openjdk-17.0.1!/java.net.http" type="simple" />
            <root url="jrt://C:/Users/nimillard/.jdks/openjdk-17.0.1!/java.prefs" type="simple" />
            <root url="jrt://C:/Users/nimillard/.jdks/openjdk-17.0.1!/java.rmi" type="simple" />
            <root url="jrt://C:/Users/nimillard/.jdks/openjdk-17.0.1!/java.scripting" type="simple" />
            <root url="jrt://C:/Users/nimillard/.jdks/openjdk-17.0.1!/java.se" type="simple" />
            <root url="jrt://C:/Users/nimillard/.jdks/openjdk-17.0.1!/java.security.jgss" type="simple" />
            <root url="jrt://C:/Users/nimillard/.jdks/openjdk-17.0.1!/java.security.sasl" type="simple" />
            <root url="jrt://C:/Users/nimillard/.jdks/openjdk-17.0.1!/java.smartcardio" type="simple" />
            <root url="jrt://C:/Users/nimillard/.jdks/openjdk-17.0.1!/java.sql" type="simple" />
            <root url="jrt://C:/Users/nimillard/.jdks/openjdk-17.0.1!/java.sql.rowset" type="simple" />
            <root url="jrt://C:/Users/nimillard/.jdks/openjdk-17.0.1!/java.transaction.xa" type="simple" />
            <root url="jrt://C:/Users/nimillard/.jdks/openjdk-17.0.1!/java.xml" type="simple" />
            <root url="jrt://C:/Users/nimillard/.jdks/openjdk-17.0.1!/java.xml.crypto" type="simple" />
            <root url="jrt://C:/Users/nimillard/.jdks/openjdk-17.0.1!/jdk.accessibility" type="simple" />
            <root url="jrt://C:/Users/nimillard/.jdks/openjdk-17.0.1!/jdk.attach" type="simple" />
            <root url="jrt://C:/Users/nimillard/.jdks/openjdk-17.0.1!/jdk.charsets" type="simple" />
            <root url="jrt://C:/Users/nimillard/.jdks/openjdk-17.0.1!/jdk.compiler" type="simple" />
            <root url="jrt://C:/Users/nimillard/.jdks/openjdk-17.0.1!/jdk.crypto.cryptoki" type="simple" />
            <root url="jrt://C:/Users/nimillard/.jdks/openjdk-17.0.1!/jdk.crypto.ec" type="simple" />
            <root url="jrt://C:/Users/nimillard/.jdks/openjdk-17.0.1!/jdk.crypto.mscapi" type="simple" />
            <root url="jrt://C:/Users/nimillard/.jdks/openjdk-17.0.1!/jdk.dynalink" type="simple" />
            <root url="jrt://C:/Users/nimillard/.jdks/openjdk-17.0.1!/jdk.editpad" type="simple" />
            <root url="jrt://C:/Users/nimillard/.jdks/openjdk-17.0.1!/jdk.hotspot.agent" type="simple" />
            <root url="jrt://C:/Users/nimillard/.jdks/openjdk-17.0.1!/jdk.httpserver" type="simple" />
            <root url="jrt://C:/Users/nimillard/.jdks/openjdk-17.0.1!/jdk.incubator.foreign" type="simple" />
            <root url="jrt://C:/Users/nimillard/.jdks/openjdk-17.0.1!/jdk.incubator.vector" type="simple" />
            <root url="jrt://C:/Users/nimillard/.jdks/openjdk-17.0.1!/jdk.internal.ed" type="simple" />
            <root url="jrt://C:/Users/nimillard/.jdks/openjdk-17.0.1!/jdk.internal.jvmstat" type="simple" />
            <root url="jrt://C:/Users/nimillard/.jdks/openjdk-17.0.1!/jdk.internal.le" type="simple" />
            <root url="jrt://C:/Users/nimillard/.jdks/openjdk-17.0.1!/jdk.internal.opt" type="simple" />
            <root url="jrt://C:/Users/nimillard/.jdks/openjdk-17.0.1!/jdk.internal.vm.ci" type="simple" />
            <root url="jrt://C:/Users/nimillard/.jdks/openjdk-17.0.1!/jdk.internal.vm.compiler" type="simple" />
            <root url="jrt://C:/Users/nimillard/.jdks/openjdk-17.0.1!/jdk.internal.vm.compiler.management" type="simple" />
            <root url="jrt://C:/Users/nimillard/.jdks/openjdk-17.0.1!/jdk.jartool" type="simple" />
            <root url="jrt://C:/Users/nimillard/.jdks/openjdk-17.0.1!/jdk.javadoc" type="simple" />
            <root url="jrt://C:/Users/nimillard/.jdks/openjdk-17.0.1!/jdk.jcmd" type="simple" />
            <root url="jrt://C:/Users/nimillard/.jdks/openjdk-17.0.1!/jdk.jconsole" type="simple" />
            <root url="jrt://C:/Users/nimillard/.jdks/openjdk-17.0.1!/jdk.jdeps" type="simple" />
            <root url="jrt://C:/Users/nimillard/.jdks/openjdk-17.0.1!/jdk.jdi" type="simple" />
            <root url="jrt://C:/Users/nimillard/.jdks/openjdk-17.0.1!/jdk.jdwp.agent" type="simple" />
            <root url="jrt://C:/Users/nimillard/.jdks/openjdk-17.0.1!/jdk.jfr" type="simple" />
            <root url="jrt://C:/Users/nimillard/.jdks/openjdk-17.0.1!/jdk.jlink" type="simple" />
            <root url="jrt://C:/Users/nimillard/.jdks/openjdk-17.0.1!/jdk.jpackage" type="simple" />
            <root url="jrt://C:/Users/nimillard/.jdks/openjdk-17.0.1!/jdk.jshell" type="simple" />
            <root url="jrt://C:/Users/nimillard/.jdks/openjdk-17.0.1!/jdk.jsobject" type="simple" />
            <root url="jrt://C:/Users/nimillard/.jdks/openjdk-17.0.1!/jdk.jstatd" type="simple" />
            <root url="jrt://C:/Users/nimillard/.jdks/openjdk-17.0.1!/jdk.localedata" type="simple" />
            <root url="jrt://C:/Users/nimillard/.jdks/openjdk-17.0.1!/jdk.management" type="simple" />
            <root url="jrt://C:/Users/nimillard/.jdks/openjdk-17.0.1!/jdk.management.agent" type="simple" />
            <root url="jrt://C:/Users/nimillard/.jdks/openjdk-17.0.1!/jdk.management.jfr" type="simple" />
            <root url="jrt://C:/Users/nimillard/.jdks/openjdk-17.0.1!/jdk.naming.dns" type="simple" />
            <root url="jrt://C:/Users/nimillard/.jdks/openjdk-17.0.1!/jdk.naming.rmi" type="simple" />
            <root url="jrt://C:/Users/nimillard/.jdks/openjdk-17.0.1!/jdk.net" type="simple" />
            <root url="jrt://C:/Users/nimillard/.jdks/openjdk-17.0.1!/jdk.nio.mapmode" type="simple" />
            <root url="jrt://C:/Users/nimillard/.jdks/openjdk-17.0.1!/jdk.random" type="simple" />
            <root url="jrt://C:/Users/nimillard/.jdks/openjdk-17.0.1!/jdk.sctp" type="simple" />
            <root url="jrt://C:/Users/nimillard/.jdks/openjdk-17.0.1!/jdk.security.auth" type="simple" />
            <root url="jrt://C:/Users/nimillard/.jdks/openjdk-17.0.1!/jdk.security.jgss" type="simple" />
            <root url="jrt://C:/Users/nimillard/.jdks/openjdk-17.0.1!/jdk.unsupported" type="simple" />
            <root url="jrt://C:/Users/nimillard/.jdks/openjdk-17.0.1!/jdk.unsupported.desktop" type="simple" />
            <root url="jrt://C:/Users/nimillard/.jdks/openjdk-17.0.1!/jdk.xml.dom" type="simple" />
            <root url="jrt://C:/Users/nimillard/.jdks/openjdk-17.0.1!/jdk.zipfs" type="simple" />
          </root>
        </classPath>
        <javadocPath>
          <root type="composite" />
        </javadocPath>
        <sourcePath>
          <root type="composite">
            <root url="jar://$USER_HOME$/.jdks/openjdk-17.0.1/lib/src.zip!/java.se" type="simple" />
            <root url="jar://$USER_HOME$/.jdks/openjdk-17.0.1/lib/src.zip!/jdk.jdi" type="simple" />
            <root url="jar://$USER_HOME$/.jdks/openjdk-17.0.1/lib/src.zip!/jdk.jfr" type="simple" />
            <root url="jar://$USER_HOME$/.jdks/openjdk-17.0.1/lib/src.zip!/jdk.net" type="simple" />
            <root url="jar://$USER_HOME$/.jdks/openjdk-17.0.1/lib/src.zip!/java.rmi" type="simple" />
            <root url="jar://$USER_HOME$/.jdks/openjdk-17.0.1/lib/src.zip!/java.sql" type="simple" />
            <root url="jar://$USER_HOME$/.jdks/openjdk-17.0.1/lib/src.zip!/java.xml" type="simple" />
            <root url="jar://$USER_HOME$/.jdks/openjdk-17.0.1/lib/src.zip!/jdk.jcmd" type="simple" />
            <root url="jar://$USER_HOME$/.jdks/openjdk-17.0.1/lib/src.zip!/jdk.sctp" type="simple" />
            <root url="jar://$USER_HOME$/.jdks/openjdk-17.0.1/lib/src.zip!/java.base" type="simple" />
            <root url="jar://$USER_HOME$/.jdks/openjdk-17.0.1/lib/src.zip!/jdk.jdeps" type="simple" />
            <root url="jar://$USER_HOME$/.jdks/openjdk-17.0.1/lib/src.zip!/jdk.jlink" type="simple" />
            <root url="jar://$USER_HOME$/.jdks/openjdk-17.0.1/lib/src.zip!/jdk.zipfs" type="simple" />
            <root url="jar://$USER_HOME$/.jdks/openjdk-17.0.1/lib/src.zip!/java.prefs" type="simple" />
            <root url="jar://$USER_HOME$/.jdks/openjdk-17.0.1/lib/src.zip!/jdk.attach" type="simple" />
            <root url="jar://$USER_HOME$/.jdks/openjdk-17.0.1/lib/src.zip!/jdk.jshell" type="simple" />
            <root url="jar://$USER_HOME$/.jdks/openjdk-17.0.1/lib/src.zip!/jdk.jstatd" type="simple" />
            <root url="jar://$USER_HOME$/.jdks/openjdk-17.0.1/lib/src.zip!/jdk.random" type="simple" />
            <root url="jar://$USER_HOME$/.jdks/openjdk-17.0.1/lib/src.zip!/java.naming" type="simple" />
            <root url="jar://$USER_HOME$/.jdks/openjdk-17.0.1/lib/src.zip!/jdk.editpad" type="simple" />
            <root url="jar://$USER_HOME$/.jdks/openjdk-17.0.1/lib/src.zip!/jdk.jartool" type="simple" />
            <root url="jar://$USER_HOME$/.jdks/openjdk-17.0.1/lib/src.zip!/jdk.javadoc" type="simple" />
            <root url="jar://$USER_HOME$/.jdks/openjdk-17.0.1/lib/src.zip!/jdk.xml.dom" type="simple" />
            <root url="jar://$USER_HOME$/.jdks/openjdk-17.0.1/lib/src.zip!/java.desktop" type="simple" />
            <root url="jar://$USER_HOME$/.jdks/openjdk-17.0.1/lib/src.zip!/java.logging" type="simple" />
            <root url="jar://$USER_HOME$/.jdks/openjdk-17.0.1/lib/src.zip!/jdk.charsets" type="simple" />
            <root url="jar://$USER_HOME$/.jdks/openjdk-17.0.1/lib/src.zip!/jdk.compiler" type="simple" />
            <root url="jar://$USER_HOME$/.jdks/openjdk-17.0.1/lib/src.zip!/jdk.dynalink" type="simple" />
            <root url="jar://$USER_HOME$/.jdks/openjdk-17.0.1/lib/src.zip!/jdk.jconsole" type="simple" />
            <root url="jar://$USER_HOME$/.jdks/openjdk-17.0.1/lib/src.zip!/jdk.jpackage" type="simple" />
            <root url="jar://$USER_HOME$/.jdks/openjdk-17.0.1/lib/src.zip!/jdk.jsobject" type="simple" />
            <root url="jar://$USER_HOME$/.jdks/openjdk-17.0.1/lib/src.zip!/java.compiler" type="simple" />
            <root url="jar://$USER_HOME$/.jdks/openjdk-17.0.1/lib/src.zip!/java.net.http" type="simple" />
            <root url="jar://$USER_HOME$/.jdks/openjdk-17.0.1/lib/src.zip!/jdk.crypto.ec" type="simple" />
            <root url="jar://$USER_HOME$/.jdks/openjdk-17.0.1/lib/src.zip!/java.scripting" type="simple" />
            <root url="jar://$USER_HOME$/.jdks/openjdk-17.0.1/lib/src.zip!/jdk.httpserver" type="simple" />
            <root url="jar://$USER_HOME$/.jdks/openjdk-17.0.1/lib/src.zip!/jdk.jdwp.agent" type="simple" />
            <root url="jar://$USER_HOME$/.jdks/openjdk-17.0.1/lib/src.zip!/jdk.localedata" type="simple" />
            <root url="jar://$USER_HOME$/.jdks/openjdk-17.0.1/lib/src.zip!/jdk.management" type="simple" />
            <root url="jar://$USER_HOME$/.jdks/openjdk-17.0.1/lib/src.zip!/jdk.naming.dns" type="simple" />
            <root url="jar://$USER_HOME$/.jdks/openjdk-17.0.1/lib/src.zip!/jdk.naming.rmi" type="simple" />
            <root url="jar://$USER_HOME$/.jdks/openjdk-17.0.1/lib/src.zip!/java.instrument" type="simple" />
            <root url="jar://$USER_HOME$/.jdks/openjdk-17.0.1/lib/src.zip!/java.management" type="simple" />
            <root url="jar://$USER_HOME$/.jdks/openjdk-17.0.1/lib/src.zip!/java.sql.rowset" type="simple" />
            <root url="jar://$USER_HOME$/.jdks/openjdk-17.0.1/lib/src.zip!/java.xml.crypto" type="simple" />
            <root url="jar://$USER_HOME$/.jdks/openjdk-17.0.1/lib/src.zip!/jdk.internal.ed" type="simple" />
            <root url="jar://$USER_HOME$/.jdks/openjdk-17.0.1/lib/src.zip!/jdk.internal.le" type="simple" />
            <root url="jar://$USER_HOME$/.jdks/openjdk-17.0.1/lib/src.zip!/jdk.nio.mapmode" type="simple" />
            <root url="jar://$USER_HOME$/.jdks/openjdk-17.0.1/lib/src.zip!/jdk.unsupported" type="simple" />
            <root url="jar://$USER_HOME$/.jdks/openjdk-17.0.1/lib/src.zip!/java.smartcardio" type="simple" />
            <root url="jar://$USER_HOME$/.jdks/openjdk-17.0.1/lib/src.zip!/jdk.internal.opt" type="simple" />
            <root url="jar://$USER_HOME$/.jdks/openjdk-17.0.1/lib/src.zip!/java.datatransfer" type="simple" />
            <root url="jar://$USER_HOME$/.jdks/openjdk-17.0.1/lib/src.zip!/jdk.accessibility" type="simple" />
            <root url="jar://$USER_HOME$/.jdks/openjdk-17.0.1/lib/src.zip!/jdk.crypto.mscapi" type="simple" />
            <root url="jar://$USER_HOME$/.jdks/openjdk-17.0.1/lib/src.zip!/jdk.hotspot.agent" type="simple" />
            <root url="jar://$USER_HOME$/.jdks/openjdk-17.0.1/lib/src.zip!/jdk.security.auth" type="simple" />
            <root url="jar://$USER_HOME$/.jdks/openjdk-17.0.1/lib/src.zip!/jdk.security.jgss" type="simple" />
            <root url="jar://$USER_HOME$/.jdks/openjdk-17.0.1/lib/src.zip!/java.security.jgss" type="simple" />
            <root url="jar://$USER_HOME$/.jdks/openjdk-17.0.1/lib/src.zip!/java.security.sasl" type="simple" />
            <root url="jar://$USER_HOME$/.jdks/openjdk-17.0.1/lib/src.zip!/jdk.internal.vm.ci" type="simple" />
            <root url="jar://$USER_HOME$/.jdks/openjdk-17.0.1/lib/src.zip!/jdk.management.jfr" type="simple" />
            <root url="jar://$USER_HOME$/.jdks/openjdk-17.0.1/lib/src.zip!/java.management.rmi" type="simple" />
            <root url="jar://$USER_HOME$/.jdks/openjdk-17.0.1/lib/src.zip!/java.transaction.xa" type="simple" />
            <root url="jar://$USER_HOME$/.jdks/openjdk-17.0.1/lib/src.zip!/jdk.crypto.cryptoki" type="simple" />
            <root url="jar://$USER_HOME$/.jdks/openjdk-17.0.1/lib/src.zip!/jdk.incubator.vector" type="simple" />
            <root url="jar://$USER_HOME$/.jdks/openjdk-17.0.1/lib/src.zip!/jdk.internal.jvmstat" type="simple" />
            <root url="jar://$USER_HOME$/.jdks/openjdk-17.0.1/lib/src.zip!/jdk.management.agent" type="simple" />
            <root url="jar://$USER_HOME$/.jdks/openjdk-17.0.1/lib/src.zip!/jdk.incubator.foreign" type="simple" />
            <root url="jar://$USER_HOME$/.jdks/openjdk-17.0.1/lib/src.zip!/jdk.unsupported.desktop" type="simple" />
            <root url="jar://$USER_HOME$/.jdks/openjdk-17.0.1/lib/src.zip!/jdk.internal.vm.compiler" type="simple" />
            <root url="jar://$USER_HOME$/.jdks/openjdk-17.0.1/lib/src.zip!/jdk.internal.vm.compiler.management" type="simple" />
          </root>
        </sourcePath>
      </roots>
      <additional />
    </jdk>
    <jdk version="2">
      <name value="corretto-11" />
      <type value="JavaSDK" />
      <version value="java version &quot;11.0.18&quot;" />
      <homePath value="$USER_HOME$/.jdks/corretto-11.0.18" />
      <roots>
        <annotationsPath>
          <root type="composite">
            <root url="jar://$APPLICATION_HOME_DIR$/plugins/java/lib/resources/jdkAnnotations.jar!/" type="simple" />
          </root>
        </annotationsPath>
        <classPath>
          <root type="composite">
            <root url="jrt://C:/Users/nimillard/.jdks/corretto-11.0.18!/java.base" type="simple" />
            <root url="jrt://C:/Users/nimillard/.jdks/corretto-11.0.18!/java.compiler" type="simple" />
            <root url="jrt://C:/Users/nimillard/.jdks/corretto-11.0.18!/java.datatransfer" type="simple" />
            <root url="jrt://C:/Users/nimillard/.jdks/corretto-11.0.18!/java.desktop" type="simple" />
            <root url="jrt://C:/Users/nimillard/.jdks/corretto-11.0.18!/java.instrument" type="simple" />
            <root url="jrt://C:/Users/nimillard/.jdks/corretto-11.0.18!/java.logging" type="simple" />
            <root url="jrt://C:/Users/nimillard/.jdks/corretto-11.0.18!/java.management" type="simple" />
            <root url="jrt://C:/Users/nimillard/.jdks/corretto-11.0.18!/java.management.rmi" type="simple" />
            <root url="jrt://C:/Users/nimillard/.jdks/corretto-11.0.18!/java.naming" type="simple" />
            <root url="jrt://C:/Users/nimillard/.jdks/corretto-11.0.18!/java.net.http" type="simple" />
            <root url="jrt://C:/Users/nimillard/.jdks/corretto-11.0.18!/java.prefs" type="simple" />
            <root url="jrt://C:/Users/nimillard/.jdks/corretto-11.0.18!/java.rmi" type="simple" />
            <root url="jrt://C:/Users/nimillard/.jdks/corretto-11.0.18!/java.scripting" type="simple" />
            <root url="jrt://C:/Users/nimillard/.jdks/corretto-11.0.18!/java.se" type="simple" />
            <root url="jrt://C:/Users/nimillard/.jdks/corretto-11.0.18!/java.security.jgss" type="simple" />
            <root url="jrt://C:/Users/nimillard/.jdks/corretto-11.0.18!/java.security.sasl" type="simple" />
            <root url="jrt://C:/Users/nimillard/.jdks/corretto-11.0.18!/java.smartcardio" type="simple" />
            <root url="jrt://C:/Users/nimillard/.jdks/corretto-11.0.18!/java.sql" type="simple" />
            <root url="jrt://C:/Users/nimillard/.jdks/corretto-11.0.18!/java.sql.rowset" type="simple" />
            <root url="jrt://C:/Users/nimillard/.jdks/corretto-11.0.18!/java.transaction.xa" type="simple" />
            <root url="jrt://C:/Users/nimillard/.jdks/corretto-11.0.18!/java.xml" type="simple" />
            <root url="jrt://C:/Users/nimillard/.jdks/corretto-11.0.18!/java.xml.crypto" type="simple" />
            <root url="jrt://C:/Users/nimillard/.jdks/corretto-11.0.18!/jdk.accessibility" type="simple" />
            <root url="jrt://C:/Users/nimillard/.jdks/corretto-11.0.18!/jdk.aot" type="simple" />
            <root url="jrt://C:/Users/nimillard/.jdks/corretto-11.0.18!/jdk.attach" type="simple" />
            <root url="jrt://C:/Users/nimillard/.jdks/corretto-11.0.18!/jdk.charsets" type="simple" />
            <root url="jrt://C:/Users/nimillard/.jdks/corretto-11.0.18!/jdk.compiler" type="simple" />
            <root url="jrt://C:/Users/nimillard/.jdks/corretto-11.0.18!/jdk.crypto.cryptoki" type="simple" />
            <root url="jrt://C:/Users/nimillard/.jdks/corretto-11.0.18!/jdk.crypto.ec" type="simple" />
            <root url="jrt://C:/Users/nimillard/.jdks/corretto-11.0.18!/jdk.crypto.mscapi" type="simple" />
            <root url="jrt://C:/Users/nimillard/.jdks/corretto-11.0.18!/jdk.dynalink" type="simple" />
            <root url="jrt://C:/Users/nimillard/.jdks/corretto-11.0.18!/jdk.editpad" type="simple" />
            <root url="jrt://C:/Users/nimillard/.jdks/corretto-11.0.18!/jdk.hotspot.agent" type="simple" />
            <root url="jrt://C:/Users/nimillard/.jdks/corretto-11.0.18!/jdk.httpserver" type="simple" />
            <root url="jrt://C:/Users/nimillard/.jdks/corretto-11.0.18!/jdk.internal.ed" type="simple" />
            <root url="jrt://C:/Users/nimillard/.jdks/corretto-11.0.18!/jdk.internal.jvmstat" type="simple" />
            <root url="jrt://C:/Users/nimillard/.jdks/corretto-11.0.18!/jdk.internal.le" type="simple" />
            <root url="jrt://C:/Users/nimillard/.jdks/corretto-11.0.18!/jdk.internal.opt" type="simple" />
            <root url="jrt://C:/Users/nimillard/.jdks/corretto-11.0.18!/jdk.internal.vm.ci" type="simple" />
            <root url="jrt://C:/Users/nimillard/.jdks/corretto-11.0.18!/jdk.internal.vm.compiler" type="simple" />
            <root url="jrt://C:/Users/nimillard/.jdks/corretto-11.0.18!/jdk.internal.vm.compiler.management" type="simple" />
            <root url="jrt://C:/Users/nimillard/.jdks/corretto-11.0.18!/jdk.jartool" type="simple" />
            <root url="jrt://C:/Users/nimillard/.jdks/corretto-11.0.18!/jdk.javadoc" type="simple" />
            <root url="jrt://C:/Users/nimillard/.jdks/corretto-11.0.18!/jdk.jcmd" type="simple" />
            <root url="jrt://C:/Users/nimillard/.jdks/corretto-11.0.18!/jdk.jconsole" type="simple" />
            <root url="jrt://C:/Users/nimillard/.jdks/corretto-11.0.18!/jdk.jdeps" type="simple" />
            <root url="jrt://C:/Users/nimillard/.jdks/corretto-11.0.18!/jdk.jdi" type="simple" />
            <root url="jrt://C:/Users/nimillard/.jdks/corretto-11.0.18!/jdk.jdwp.agent" type="simple" />
            <root url="jrt://C:/Users/nimillard/.jdks/corretto-11.0.18!/jdk.jfr" type="simple" />
            <root url="jrt://C:/Users/nimillard/.jdks/corretto-11.0.18!/jdk.jlink" type="simple" />
            <root url="jrt://C:/Users/nimillard/.jdks/corretto-11.0.18!/jdk.jshell" type="simple" />
            <root url="jrt://C:/Users/nimillard/.jdks/corretto-11.0.18!/jdk.jsobject" type="simple" />
            <root url="jrt://C:/Users/nimillard/.jdks/corretto-11.0.18!/jdk.jstatd" type="simple" />
            <root url="jrt://C:/Users/nimillard/.jdks/corretto-11.0.18!/jdk.localedata" type="simple" />
            <root url="jrt://C:/Users/nimillard/.jdks/corretto-11.0.18!/jdk.management" type="simple" />
            <root url="jrt://C:/Users/nimillard/.jdks/corretto-11.0.18!/jdk.management.agent" type="simple" />
            <root url="jrt://C:/Users/nimillard/.jdks/corretto-11.0.18!/jdk.management.jfr" type="simple" />
            <root url="jrt://C:/Users/nimillard/.jdks/corretto-11.0.18!/jdk.naming.dns" type="simple" />
            <root url="jrt://C:/Users/nimillard/.jdks/corretto-11.0.18!/jdk.naming.ldap" type="simple" />
            <root url="jrt://C:/Users/nimillard/.jdks/corretto-11.0.18!/jdk.naming.rmi" type="simple" />
            <root url="jrt://C:/Users/nimillard/.jdks/corretto-11.0.18!/jdk.net" type="simple" />
            <root url="jrt://C:/Users/nimillard/.jdks/corretto-11.0.18!/jdk.pack" type="simple" />
            <root url="jrt://C:/Users/nimillard/.jdks/corretto-11.0.18!/jdk.rmic" type="simple" />
            <root url="jrt://C:/Users/nimillard/.jdks/corretto-11.0.18!/jdk.scripting.nashorn" type="simple" />
            <root url="jrt://C:/Users/nimillard/.jdks/corretto-11.0.18!/jdk.scripting.nashorn.shell" type="simple" />
            <root url="jrt://C:/Users/nimillard/.jdks/corretto-11.0.18!/jdk.sctp" type="simple" />
            <root url="jrt://C:/Users/nimillard/.jdks/corretto-11.0.18!/jdk.security.auth" type="simple" />
            <root url="jrt://C:/Users/nimillard/.jdks/corretto-11.0.18!/jdk.security.jgss" type="simple" />
            <root url="jrt://C:/Users/nimillard/.jdks/corretto-11.0.18!/jdk.unsupported" type="simple" />
            <root url="jrt://C:/Users/nimillard/.jdks/corretto-11.0.18!/jdk.unsupported.desktop" type="simple" />
            <root url="jrt://C:/Users/nimillard/.jdks/corretto-11.0.18!/jdk.xml.dom" type="simple" />
            <root url="jrt://C:/Users/nimillard/.jdks/corretto-11.0.18!/jdk.zipfs" type="simple" />
          </root>
        </classPath>
        <javadocPath>
          <root type="composite" />
        </javadocPath>
        <sourcePath>
          <root type="composite">
            <root url="jar://$USER_HOME$/.jdks/corretto-11.0.18/lib/src.zip!/java.se" type="simple" />
            <root url="jar://$USER_HOME$/.jdks/corretto-11.0.18/lib/src.zip!/jdk.aot" type="simple" />
            <root url="jar://$USER_HOME$/.jdks/corretto-11.0.18/lib/src.zip!/jdk.jdi" type="simple" />
            <root url="jar://$USER_HOME$/.jdks/corretto-11.0.18/lib/src.zip!/jdk.jfr" type="simple" />
            <root url="jar://$USER_HOME$/.jdks/corretto-11.0.18/lib/src.zip!/jdk.net" type="simple" />
            <root url="jar://$USER_HOME$/.jdks/corretto-11.0.18/lib/src.zip!/java.rmi" type="simple" />
            <root url="jar://$USER_HOME$/.jdks/corretto-11.0.18/lib/src.zip!/java.sql" type="simple" />
            <root url="jar://$USER_HOME$/.jdks/corretto-11.0.18/lib/src.zip!/java.xml" type="simple" />
            <root url="jar://$USER_HOME$/.jdks/corretto-11.0.18/lib/src.zip!/jdk.jcmd" type="simple" />
            <root url="jar://$USER_HOME$/.jdks/corretto-11.0.18/lib/src.zip!/jdk.pack" type="simple" />
            <root url="jar://$USER_HOME$/.jdks/corretto-11.0.18/lib/src.zip!/jdk.rmic" type="simple" />
            <root url="jar://$USER_HOME$/.jdks/corretto-11.0.18/lib/src.zip!/jdk.sctp" type="simple" />
            <root url="jar://$USER_HOME$/.jdks/corretto-11.0.18/lib/src.zip!/java.base" type="simple" />
            <root url="jar://$USER_HOME$/.jdks/corretto-11.0.18/lib/src.zip!/jdk.jdeps" type="simple" />
            <root url="jar://$USER_HOME$/.jdks/corretto-11.0.18/lib/src.zip!/jdk.jlink" type="simple" />
            <root url="jar://$USER_HOME$/.jdks/corretto-11.0.18/lib/src.zip!/jdk.zipfs" type="simple" />
            <root url="jar://$USER_HOME$/.jdks/corretto-11.0.18/lib/src.zip!/java.prefs" type="simple" />
            <root url="jar://$USER_HOME$/.jdks/corretto-11.0.18/lib/src.zip!/jdk.attach" type="simple" />
            <root url="jar://$USER_HOME$/.jdks/corretto-11.0.18/lib/src.zip!/jdk.jshell" type="simple" />
            <root url="jar://$USER_HOME$/.jdks/corretto-11.0.18/lib/src.zip!/jdk.jstatd" type="simple" />
            <root url="jar://$USER_HOME$/.jdks/corretto-11.0.18/lib/src.zip!/java.naming" type="simple" />
            <root url="jar://$USER_HOME$/.jdks/corretto-11.0.18/lib/src.zip!/jdk.editpad" type="simple" />
            <root url="jar://$USER_HOME$/.jdks/corretto-11.0.18/lib/src.zip!/jdk.jartool" type="simple" />
            <root url="jar://$USER_HOME$/.jdks/corretto-11.0.18/lib/src.zip!/jdk.javadoc" type="simple" />
            <root url="jar://$USER_HOME$/.jdks/corretto-11.0.18/lib/src.zip!/jdk.xml.dom" type="simple" />
            <root url="jar://$USER_HOME$/.jdks/corretto-11.0.18/lib/src.zip!/java.desktop" type="simple" />
            <root url="jar://$USER_HOME$/.jdks/corretto-11.0.18/lib/src.zip!/java.logging" type="simple" />
            <root url="jar://$USER_HOME$/.jdks/corretto-11.0.18/lib/src.zip!/jdk.charsets" type="simple" />
            <root url="jar://$USER_HOME$/.jdks/corretto-11.0.18/lib/src.zip!/jdk.compiler" type="simple" />
            <root url="jar://$USER_HOME$/.jdks/corretto-11.0.18/lib/src.zip!/jdk.dynalink" type="simple" />
            <root url="jar://$USER_HOME$/.jdks/corretto-11.0.18/lib/src.zip!/jdk.jconsole" type="simple" />
            <root url="jar://$USER_HOME$/.jdks/corretto-11.0.18/lib/src.zip!/jdk.jsobject" type="simple" />
            <root url="jar://$USER_HOME$/.jdks/corretto-11.0.18/lib/src.zip!/java.compiler" type="simple" />
            <root url="jar://$USER_HOME$/.jdks/corretto-11.0.18/lib/src.zip!/java.net.http" type="simple" />
            <root url="jar://$USER_HOME$/.jdks/corretto-11.0.18/lib/src.zip!/jdk.crypto.ec" type="simple" />
            <root url="jar://$USER_HOME$/.jdks/corretto-11.0.18/lib/src.zip!/java.scripting" type="simple" />
            <root url="jar://$USER_HOME$/.jdks/corretto-11.0.18/lib/src.zip!/jdk.httpserver" type="simple" />
            <root url="jar://$USER_HOME$/.jdks/corretto-11.0.18/lib/src.zip!/jdk.jdwp.agent" type="simple" />
            <root url="jar://$USER_HOME$/.jdks/corretto-11.0.18/lib/src.zip!/jdk.localedata" type="simple" />
            <root url="jar://$USER_HOME$/.jdks/corretto-11.0.18/lib/src.zip!/jdk.management" type="simple" />
            <root url="jar://$USER_HOME$/.jdks/corretto-11.0.18/lib/src.zip!/jdk.naming.dns" type="simple" />
            <root url="jar://$USER_HOME$/.jdks/corretto-11.0.18/lib/src.zip!/jdk.naming.rmi" type="simple" />
            <root url="jar://$USER_HOME$/.jdks/corretto-11.0.18/lib/src.zip!/java.instrument" type="simple" />
            <root url="jar://$USER_HOME$/.jdks/corretto-11.0.18/lib/src.zip!/java.management" type="simple" />
            <root url="jar://$USER_HOME$/.jdks/corretto-11.0.18/lib/src.zip!/java.sql.rowset" type="simple" />
            <root url="jar://$USER_HOME$/.jdks/corretto-11.0.18/lib/src.zip!/java.xml.crypto" type="simple" />
            <root url="jar://$USER_HOME$/.jdks/corretto-11.0.18/lib/src.zip!/jdk.internal.ed" type="simple" />
            <root url="jar://$USER_HOME$/.jdks/corretto-11.0.18/lib/src.zip!/jdk.internal.le" type="simple" />
            <root url="jar://$USER_HOME$/.jdks/corretto-11.0.18/lib/src.zip!/jdk.naming.ldap" type="simple" />
            <root url="jar://$USER_HOME$/.jdks/corretto-11.0.18/lib/src.zip!/jdk.unsupported" type="simple" />
            <root url="jar://$USER_HOME$/.jdks/corretto-11.0.18/lib/src.zip!/java.smartcardio" type="simple" />
            <root url="jar://$USER_HOME$/.jdks/corretto-11.0.18/lib/src.zip!/jdk.internal.opt" type="simple" />
            <root url="jar://$USER_HOME$/.jdks/corretto-11.0.18/lib/src.zip!/java.datatransfer" type="simple" />
            <root url="jar://$USER_HOME$/.jdks/corretto-11.0.18/lib/src.zip!/jdk.accessibility" type="simple" />
            <root url="jar://$USER_HOME$/.jdks/corretto-11.0.18/lib/src.zip!/jdk.crypto.mscapi" type="simple" />
            <root url="jar://$USER_HOME$/.jdks/corretto-11.0.18/lib/src.zip!/jdk.hotspot.agent" type="simple" />
            <root url="jar://$USER_HOME$/.jdks/corretto-11.0.18/lib/src.zip!/jdk.security.auth" type="simple" />
            <root url="jar://$USER_HOME$/.jdks/corretto-11.0.18/lib/src.zip!/jdk.security.jgss" type="simple" />
            <root url="jar://$USER_HOME$/.jdks/corretto-11.0.18/lib/src.zip!/java.security.jgss" type="simple" />
            <root url="jar://$USER_HOME$/.jdks/corretto-11.0.18/lib/src.zip!/java.security.sasl" type="simple" />
            <root url="jar://$USER_HOME$/.jdks/corretto-11.0.18/lib/src.zip!/jdk.internal.vm.ci" type="simple" />
            <root url="jar://$USER_HOME$/.jdks/corretto-11.0.18/lib/src.zip!/jdk.management.jfr" type="simple" />
            <root url="jar://$USER_HOME$/.jdks/corretto-11.0.18/lib/src.zip!/java.management.rmi" type="simple" />
            <root url="jar://$USER_HOME$/.jdks/corretto-11.0.18/lib/src.zip!/java.transaction.xa" type="simple" />
            <root url="jar://$USER_HOME$/.jdks/corretto-11.0.18/lib/src.zip!/jdk.crypto.cryptoki" type="simple" />
            <root url="jar://$USER_HOME$/.jdks/corretto-11.0.18/lib/src.zip!/jdk.internal.jvmstat" type="simple" />
            <root url="jar://$USER_HOME$/.jdks/corretto-11.0.18/lib/src.zip!/jdk.management.agent" type="simple" />
            <root url="jar://$USER_HOME$/.jdks/corretto-11.0.18/lib/src.zip!/jdk.scripting.nashorn" type="simple" />
            <root url="jar://$USER_HOME$/.jdks/corretto-11.0.18/lib/src.zip!/jdk.unsupported.desktop" type="simple" />
            <root url="jar://$USER_HOME$/.jdks/corretto-11.0.18/lib/src.zip!/jdk.internal.vm.compiler" type="simple" />
            <root url="jar://$USER_HOME$/.jdks/corretto-11.0.18/lib/src.zip!/jdk.scripting.nashorn.shell" type="simple" />
            <root url="jar://$USER_HOME$/.jdks/corretto-11.0.18/lib/src.zip!/jdk.internal.vm.compiler.management" type="simple" />
          </root>
        </sourcePath>
      </roots>
      <additional />
    </jdk>
    <jdk version="2">
      <name value="Kotlin SDK" />
      <type value="KotlinSDK" />
      <version value="1.6.10-release-961" />
      <homePath value="C:\Users\nimillard\AppData\Local\JetBrains\Toolbox\apps\IDEA-U\ch-0\213.6777.52.plugins\Kotlin\kotlinc" />
      <roots>
        <annotationsPath>
          <root type="composite" />
        </annotationsPath>
        <classPath>
          <root type="composite" />
        </classPath>
        <javadocPath>
          <root type="composite" />
        </javadocPath>
        <sourcePath>
          <root type="composite" />
        </sourcePath>
      </roots>
      <additional />
    </jdk>
  </component>
</application>