<application>
  <component name="SonarLintGlobalSettings">
    <option name="fileExclusions">
      <list>
        <option value="**/dafobjects/**" />
      </list>
    </option>
    <option name="rulesByKey">
      <map>
        <entry key="java:S1698">
          <value>
            <Rule key="java:S1698" />
          </value>
        </entry>
        <entry key="java:S2095">
          <value>
            <Rule active="false" key="java:S2095" />
          </value>
        </entry>
        <entry key="java:S2693">
          <value>
            <Rule key="java:S2693" />
          </value>
        </entry>
      </map>
    </option>
    <option name="sonarQubeServers">
      <list>
        <SonarQubeServer>
          <option name="hostUrl" value="http://localhost:9000" />
          <token>dfcbdf9edf9ddf98df9edf99df9ddf9bdfcedfcfdf98df9adf9adf9edf9fdf9cdf9ddf9edf9adfc9df99df99dfcfdf99df92df9bdf9ddf9fdfc9df9adf9edfcbdf9fdfccdf9fdf9fdf9adf99df99dfcb</token>
          <option name="name" value="docker" />
        </SonarQubeServer>
      </list>
    </option>
    <rules>
      <Rule key="java:S1698" />
      <Rule key="java:S2693" />
      <Rule active="false" key="java:S2095" />
    </rules>
  </component>
</application>