<keymap version="1" name="IntelliJ (OSX) copy" parent="Mac OS X 10.5+">
  <action id="ActivateTerminalToolWindow">
    <keyboard-shortcut first-keystroke="alt f12" />
    <keyboard-shortcut first-keystroke="meta dead_diaeresis" />
  </action>
  <action id="CommentByLineComment">
    <keyboard-shortcut first-keystroke="meta slash" />
    <keyboard-shortcut first-keystroke="meta divide" />
    <keyboard-shortcut first-keystroke="alt comma" second-keystroke="c" />
  </action>
  <action id="RevealIn">
    <keyboard-shortcut first-keystroke="alt comma" second-keystroke="enter" />
  </action>
</keymap>