<keymap version="1" name="Rider OSX copy 1" parent="Rider OSX">
  <action id="ActivateCommitToolWindow" />
  <action id="ActivateDatabaseToolWindow">
    <keyboard-shortcut first-keystroke="shift dead_circumflex" />
  </action>
  <action id="ActivateRepositoryToolWindow">
    <keyboard-shortcut first-keystroke="meta 9" />
  </action>
  <action id="ActivateTerminalToolWindow">
    <keyboard-shortcut first-keystroke="alt f12" />
    <keyboard-shortcut first-keystroke="ctrl #10000a8" />
  </action>
  <action id="CommentByLineComment">
    <keyboard-shortcut first-keystroke="meta slash" />
    <keyboard-shortcut first-keystroke="meta divide" />
    <keyboard-shortcut first-keystroke="ctrl comma" second-keystroke="ctrl c" />
  </action>
  <action id="RevealIn">
    <keyboard-shortcut first-keystroke="alt comma" />
  </action>
  <action id="Terminal.OpenInTerminal">
    <keyboard-shortcut first-keystroke="shift meta ae" />
  </action>
  <action id="TogglePresentationMode">
    <keyboard-shortcut first-keystroke="ctrl meta p" />
  </action>
</keymap>