<application>
  <component name="MavenWrapperMapping">
    <option name="mapping">
      <map>
        <entry key="https://repo.maven.apache.org/maven2/org/apache/maven/apache-maven/3.8.3/apache-maven-3.8.3-bin.zip" value="C:\Users\nimillard\.m2\wrapper\dists\apache-maven-3.8.3-bin\5a6n1u8or3307vo2u2jgmkhm0t\apache-maven-3.8.3" />
        <entry key="https://repo.maven.apache.org/maven2/org/apache/maven/apache-maven/3.8.6/apache-maven-3.8.6-bin.zip" value="C:\Users\nimillard\.m2\wrapper\dists\apache-maven-3.8.6-bin\1ks0nkde5v1pk9vtc31i9d0lcd\apache-maven-3.8.6" />
      </map>
    </option>
  </component>
</application>