<application>
  <component name="GitRememberedInputs">
    <option name="visitedUrls">
      <list>
        <UrlAndUserName>
          <option name="url" value="https://dk-consulting-deloitte.visualstudio.com/DK%20DC%20Digital%20Project%20Sites/_git/FamiliePleje" />
          <option name="userName" value="" />
        </UrlAndUserName>
        <UrlAndUserName>
          <option name="url" value="http://github.com" />
          <option name="userName" value="nmillard" />
        </UrlAndUserName>
        <UrlAndUserName>
          <option name="url" value="https://github.com/NMillard/EFCoreLearnings.git" />
          <option name="userName" value="" />
        </UrlAndUserName>
      </list>
    </option>
    <option name="cloneParentDir" value="F:\Developer Space\Projects" />
  </component>
  <component name="Vcs.Log.App.Settings">
    <option name="SHOW_DIFF_PREVIEW" value="true" />
    <option name="COLUMN_ORDER">
      <list>
        <option value="0" />
        <option value="1" />
        <option value="2" />
        <option value="3" />
      </list>
    </option>
  </component>
  <component name="VcsApplicationSettings">
    <option name="COMMIT_FROM_LOCAL_CHANGES" value="true" />
  </component>
</application>