<application>
  <component name="VSTSSettings">
    <option name="serverContexts">
      <array>
        <ServerContextState>
          <option name="type" value="VSO" />
          <option name="uri" value="https://nmillard.visualstudio.com/anonq/_git/anonq" />
          <option name="serverUri" value="https://nmillard.visualstudio.com" />
          <option name="userId" value="f8caf096-84f6-6ad6-9c7f-f5f947ae3b56" />
          <option name="teamProjectCollectionReference" value="{&quot;id&quot;:&quot;9b521051-6c83-4580-8337-9bc1fb5e3c8f&quot;,&quot;name&quot;:&quot;nmillard&quot;,&quot;url&quot;:&quot;https://nmillard.visualstudio.com/_apis/projectCollections/9b521051-6c83-4580-8337-9bc1fb5e3c8f&quot;}" />
          <option name="teamProjectReference" value="{&quot;abbreviation&quot;:null,&quot;description&quot;:null,&quot;id&quot;:&quot;e2ed9d8d-76cf-4441-88a8-5bba65c0ef61&quot;,&quot;name&quot;:&quot;anonq&quot;,&quot;revision&quot;:27,&quot;state&quot;:&quot;WELL_FORMED&quot;,&quot;url&quot;:&quot;https://nmillard.visualstudio.com/_apis/projects/e2ed9d8d-76cf-4441-88a8-5bba65c0ef61&quot;}" />
          <option name="gitRepository" value="{&quot;defaultBranch&quot;:&quot;refs/heads/master&quot;,&quot;id&quot;:&quot;df96c3a7-03b6-4f1c-a7f7-655d77c7f3f4&quot;,&quot;name&quot;:&quot;anonq&quot;,&quot;remoteUrl&quot;:&quot;https://nmillard.visualstudio.com/anonq/_git/anonq&quot;,&quot;url&quot;:&quot;https://nmillard.visualstudio.com/e2ed9d8d-76cf-4441-88a8-5bba65c0ef61/_apis/git/repositories/df96c3a7-03b6-4f1c-a7f7-655d77c7f3f4&quot;,&quot;project&quot;:{&quot;abbreviation&quot;:null,&quot;description&quot;:null,&quot;id&quot;:&quot;e2ed9d8d-76cf-4441-88a8-5bba65c0ef61&quot;,&quot;name&quot;:&quot;anonq&quot;,&quot;revision&quot;:27,&quot;state&quot;:&quot;WELL_FORMED&quot;,&quot;url&quot;:&quot;https://nmillard.visualstudio.com/_apis/projects/e2ed9d8d-76cf-4441-88a8-5bba65c0ef61&quot;},&quot;_links&quot;:null}" />
        </ServerContextState>
        <ServerContextState>
          <option name="type" value="VSO" />
          <option name="uri" value="https://dk-consulting-deloitte.visualstudio.com" />
          <option name="serverUri" value="https://dk-consulting-deloitte.visualstudio.com" />
          <option name="userId" value="9b63ac22-eb37-6bb6-b2c4-097ba78f11d4" />
          <option name="teamProjectCollectionReference" value="{&quot;id&quot;:null,&quot;name&quot;:null,&quot;url&quot;:null}" />
          <option name="teamProjectReference" value="{&quot;abbreviation&quot;:null,&quot;description&quot;:null,&quot;id&quot;:null,&quot;name&quot;:null,&quot;revision&quot;:0,&quot;state&quot;:null,&quot;url&quot;:null}" />
        </ServerContextState>
        <ServerContextState>
          <option name="type" value="VSO" />
          <option name="uri" value="https://dk-consulting-deloitte.visualstudio.com/DK%20DC%20Digital%20Project%20Sites/_git/FamiliePleje" />
          <option name="serverUri" value="https://dk-consulting-deloitte.visualstudio.com" />
          <option name="userId" value="9b63ac22-eb37-6bb6-b2c4-097ba78f11d4" />
          <option name="teamProjectCollectionReference" value="{&quot;id&quot;:&quot;7bc619de-bf80-4bf2-8612-8f9064bc0049&quot;,&quot;name&quot;:&quot;dk-consulting-deloitte&quot;,&quot;url&quot;:&quot;https://dk-consulting-deloitte.visualstudio.com/_apis/projectCollections/7bc619de-bf80-4bf2-8612-8f9064bc0049&quot;}" />
          <option name="teamProjectReference" value="{&quot;abbreviation&quot;:null,&quot;description&quot;:&quot;A collection of all the projectsites developed in digital. Also a create db script.&quot;,&quot;id&quot;:&quot;a89f931f-91e9-4a23-8121-9983e976949e&quot;,&quot;name&quot;:&quot;DK DC Digital Project Sites&quot;,&quot;revision&quot;:672,&quot;state&quot;:&quot;NEW&quot;,&quot;url&quot;:&quot;https://dk-consulting-deloitte.visualstudio.com/_apis/projects/a89f931f-91e9-4a23-8121-9983e976949e&quot;}" />
          <option name="gitRepository" value="{&quot;defaultBranch&quot;:null,&quot;id&quot;:&quot;76173278-ff45-434c-8b87-dcea580ee9a9&quot;,&quot;name&quot;:&quot;FamiliePleje&quot;,&quot;remoteUrl&quot;:&quot;https://dk-consulting-deloitte.visualstudio.com/DK%20DC%20Digital%20Project%20Sites/_git/FamiliePleje&quot;,&quot;url&quot;:&quot;https://dk-consulting-deloitte.visualstudio.com/_apis/git/repositories/76173278-ff45-434c-8b87-dcea580ee9a9&quot;,&quot;project&quot;:{&quot;abbreviation&quot;:null,&quot;description&quot;:&quot;A collection of all the projectsites developed in digital. Also a create db script.&quot;,&quot;id&quot;:&quot;a89f931f-91e9-4a23-8121-9983e976949e&quot;,&quot;name&quot;:&quot;DK DC Digital Project Sites&quot;,&quot;revision&quot;:672,&quot;state&quot;:&quot;NEW&quot;,&quot;url&quot;:&quot;https://dk-consulting-deloitte.visualstudio.com/_apis/projects/a89f931f-91e9-4a23-8121-9983e976949e&quot;},&quot;_links&quot;:null}" />
        </ServerContextState>
      </array>
    </option>
    <option name="properties">
      <array>
        <PropertyState>
          <option name="name" value="repoRoot" />
          <option name="value" value="F:\Developer Space\Projects" />
        </PropertyState>
        <PropertyState>
          <option name="name" value="lastContextKey" />
          <option name="value" value="//dk-consulting-deloitte.visualstudio.com/dk dc digital project sites/_git/familiepleje" />
        </PropertyState>
      </array>
    </option>
  </component>
</application>